"variety","points","price","n","acid","almond","anise","appetizing","apple","approachable","backbone","balanced","balsamic","berry","bitter","blackberry","blackcurrant","blueberry","boysenberry","bright","candy","cassis","cedar","chalky","cheese","cherry","chocolate","cigar","cinnamon","clove","cocoa","coffee","cola","complex","crisp","currant","dark","deep","delicate","delicious","depth","dominate","dry","earthy","easy","easygoing","elegant","element","espresso","exotic","expressive","flavorful","floral","flowers","forest","fragrant","fresh","friendly","fruits","fullbodied","gentle","grape","hearty","herb","herbs","integrated","intriguing","juicy","layered","leaf","leather","licorice","light","lively","luscious","lush","medium","mellow","menthol","mineral","minerals","mint","mocha","mouthfilling","nutty","olive","pepper","plum","plush","polished","raisin","raspberry","refined","refreshing","rhubarb","rich","ripe","roasted","robust","rose","rounded","rustic","salty","savory","smoked","smooth","soft","solid","sophisticated","sour","spice","straightforward","strawberry","subtle","supple","sweet","tangerine","tangy","tannic","tart","tasty","tea","thyme","tobacco","tomato","vanilla","vibrant","violet","wild"
"Albarillo",87.7442348008386,21.2974683544304,477,0.426439232409382,0.852878464818763,0,0,17.910447761194,0,0.142146410803127,1.13717128642502,0,0.142146410803127,2.3454157782516,0,0,0,0,2.20326936744847,0,0,0,0.213219616204691,0.0710732054015636,0,0,0,0.142146410803127,0.0710732054015636,0,0,0,1.13717128642502,4.47761194029851,0,0,0.426439232409382,0.0710732054015636,0.639658848614073,0.426439232409382,0.213219616204691,3.76687988628287,0.0710732054015636,1.42146410803127,0.284292821606254,1.35039090262971,0.0710732054015636,0,0.0710732054015636,0.142146410803127,0.0710732054015636,1.70575692963753,1.63468372423596,0.0710732054015636,0.142146410803127,8.52878464818763,0.995024875621891,3.98009950248756,0.284292821606254,0.0710732054015636,1.06609808102345,0,0.426439232409382,0.923951670220327,0.0710732054015636,0.0710732054015636,2.62970859985785,0.497512437810945,0,0,0,2.91400142146411,1.49253731343284,0,0.284292821606254,0.0710732054015636,0.497512437810945,0,2.27434257285004,1.27931769722815,0,0,0,0.355366027007818,0,1.27931769722815,0.213219616204691,0.213219616204691,0,0.0710732054015636,0,0.213219616204691,1.06609808102345,0,0.7818052594172,2.62970859985785,0,0,0.142146410803127,0.213219616204691,0,1.49253731343284,0.426439232409382,0.142146410803127,1.70575692963753,1.5636105188344,1.49253731343284,0.284292821606254,0.568585643212509,0.355366027007818,0.355366027007818,0,0.568585643212509,0,1.63468372423596,2.3454157782516,2.20326936744847,0,1.77683013503909,0.923951670220327,0.0710732054015636,0,0.0710732054015636,0.142146410803127,1.77683013503909,0.426439232409382,0,0.284292821606254
"Barbera",87.7825484764543,26.1051779935275,722,0.0452796015395064,0.271677609237039,1.31310844464569,0.113199003848766,0.158478605388273,0.0452796015395064,0.158478605388273,0.611274620783337,0.0452796015395064,4.30156214625311,0.475435816164818,3.84876613085805,0.0226398007697532,0.656554222322844,0.226398007697532,3.57708852162101,0.0905592030790129,0.452796015395065,0.271677609237039,0.0679194023092597,0.226398007697532,7.6975322617161,1.24518904233643,0.0226398007697532,0.792393026941363,2.10550147158705,0.158478605388273,1.65270545619199,0.271677609237039,0.339597011546298,0.996151233869142,0.588634820013584,2.01494226850804,0.294317410006792,0.226398007697532,0.543355218474077,0.181118406158026,0.0905592030790129,0.860312429250623,0.837672628480869,0.76975322617161,0.498075616934571,0.294317410006792,0.158478605388273,0.882952230020376,0.905592030790129,0.158478605388273,0.113199003848766,0.249037808467285,0.294317410006792,0.543355218474077,0.226398007697532,2.92053429929817,0.113199003848766,0.158478605388273,1.42630744849445,0,0.724473624632103,0.430156214625311,0.498075616934571,0.498075616934571,0.158478605388273,0.0452796015395064,1.96966266696853,0.249037808467285,0.135838804618519,0.63391442155309,2.06022187004754,1.04143083540865,0.656554222322844,0.0905592030790129,0.339597011546298,0.339597011546298,0.113199003848766,0.452796015395065,0.407516413855558,0,0.362236812316052,0.452796015395065,0.0226398007697532,0.0226398007697532,0.0905592030790129,2.44509848313335,2.96581390083767,0.475435816164818,0.973511433099389,0.316957210776545,2.69413629160063,0.158478605388273,0.249037808467285,0.0226398007697532,1.47158705003396,3.1469323069957,0.63391442155309,0.203758206927779,0.452796015395065,0.203758206927779,0.543355218474077,0,1.0640706361784,0.362236812316052,1.76590446004075,1.67534525696174,0.249037808467285,0.226398007697532,0.316957210776545,5.00339597011546,0.63391442155309,0.407516413855558,0.316957210776545,0.611274620783337,1.4036676477247,0,0.203758206927779,0.724473624632103,1.33574824541544,0.181118406158026,0.0905592030790129,0.0452796015395064,1.56214625311297,0.226398007697532,1.85646366311976,1.22254924156667,1.08671043694815,1.0640706361784
"Bordeaux-style Red",89.106435285611,47.210861423221,6915,0.0456556858888811,0.00351197583760624,0.287982018683711,0.0140479033504249,0.0105359275128187,0.256374236145255,0.073751492589731,2.07557772002529,0.0175598791880312,3.01678724450376,0.783170611786191,3.56465547517033,1.38020650417925,0.477628713914448,0.143991009341856,1.21514363981176,0.0526796375640936,1.16948795392288,0.705907143358854,0.158038912692281,0.0175598791880312,2.78850881505935,1.99831425159795,0.172086816042706,0.175598791880312,0.228278429444405,0.389829317974292,0.913113717777622,0.143991009341856,0.881505935239166,0.877993959401559,3.00273934115333,3.83507761466601,0.347685607923018,0.115895202641006,1.16246400224766,0.407389197162324,0.484652665589661,3.92638898644377,0.287982018683711,0.287982018683711,0.0175598791880312,0.800730490974222,0.312565849546955,0.196670646905949,0.0807754442649435,0.0526796375640936,0.0877993959401559,0.175598791880312,0.295005970358924,0.059703589239306,0.228278429444405,2.62695792652947,0.0526796375640936,6.80269719744328,0.590011940717848,0.330125728734986,0.129943105991431,0.0491676617264873,0.955257427828897,0.913113717777622,0.593523916555454,0.0772634684273372,4.29865842523003,0.41090117299993,0.172086816042706,0.446020931375992,0.846386176863103,1.4644939242818,0.361733511273442,0.126431130153825,0.280958067008499,0.347685607923018,0.1123832268034,0.0632155650769123,0.396853269649505,0.059703589239306,0.565428109854604,0.396853269649505,0.0632155650769123,0.00351197583760624,0.207206574418768,0.751562829247735,2.17742501931587,0.154526936854674,0.389829317974292,0.0632155650769123,0.604059844068273,0.154526936854674,0.0632155650769123,0.0316077825384561,5.09938891620426,7.89140970710122,0.151014961017068,0.0913113717777622,0.136967057666643,0.558404158179392,0.154526936854674,0.0210718550256374,0.414413148837536,0.0877993959401559,1.59794900611084,2.7569010325209,1.93509868652104,0.0807754442649435,0.0491676617264873,3.18887406054646,0.0210718550256374,0.210718550256374,0.203694598581162,0.316077825384561,1.79461965301679,0.00351197583760624,0.0877993959401559,1.90700287982019,0.481140689752054,0.0877993959401559,0.143991009341856,0.0983353234529746,0.70941911919646,0.0913113717777622,0.888529886914378,0.1123832268034,0.196670646905949,0.0913113717777622
"Bordeaux-style White",88.6904315196998,34.7208633093525,1066,0,0.264239577216676,0,0,3.40575455079272,0.0587199060481503,0.0293599530240752,3.11215502055197,0,0.0587199060481503,0.91015854374633,0,0,0,0,4.11039342337052,0.0293599530240752,0,0,0.146799765120376,0,0,0,0,0.0880798590722255,0,0,0,0,0.85143863769818,9.51262477980035,0.469759248385203,0.0293599530240752,0.0293599530240752,0.293599530240752,2.70111567821492,0.293599530240752,0.499119201409278,2.08455666470934,0.146799765120376,0.322959483264827,0,0.381679389312977,0.704638872577804,0,0.322959483264827,0,0.0293599530240752,0.557839107457428,0.0293599530240752,0,0.381679389312977,6.45918966529654,0.0587199060481503,7.28126834997064,0.91015854374633,0.205519671168526,0.0880798590722255,0,0.381679389312977,0.264239577216676,0.587199060481503,0.0293599530240752,0.822078684674104,0.264239577216676,0,0,0,4.1397533763946,3.14151497357604,0,0.0587199060481503,0.0587199060481503,0.0293599530240752,0,1.79095713446858,0,0.0587199060481503,0,0.0587199060481503,0.146799765120376,0.0293599530240752,0.176159718144451,0.91015854374633,0.0293599530240752,0.0880798590722255,0.0293599530240752,0,0,1.61479741632413,0.0293599530240752,7.51614797416324,11.3916617733412,0,0,0,2.17263652378156,0.0293599530240752,0.0293599530240752,0.0587199060481503,0.0293599530240752,2.14327657075749,3.25895478567234,0.0880798590722255,0.0587199060481503,0.0293599530240752,5.49031121550206,0.0293599530240752,0,0.0880798590722255,0,2.17263652378156,0.0587199060481503,2.70111567821492,0.0587199060481503,0.146799765120376,0.0293599530240752,0.0880798590722255,0.0293599530240752,0,0,0.411039342337052,0.264239577216676,0,0.0293599530240752
"Cabernet Franc",88.1507760532151,34.8367816091954,1353,0.171969045571797,0.057323015190599,0.358268844941244,0.0286615075952995,0.114646030381198,0.214961306964746,0.186299799369447,1.28976784178848,0.157638291774147,2.50788191458871,0.386930352536543,2.19260533104041,0.0429922613929493,0.745199197477787,0.286615075952995,1.34709085697908,0.243622814560046,1.06047578102608,0.960160504442534,0.286615075952995,0.0286615075952995,8.29750644883921,2.00630553167097,0.200630553167097,0.644883920894239,0.558899398108341,0.60189165950129,1.13212955001433,0.458584121524792,0.730868443680138,0.917168243049584,1.71969045571797,2.26425910002866,0.358268844941244,0.57323015190599,0.515907136715391,0.515907136715391,0.229292060762396,1.89165950128977,0.917168243049584,0.372599598738894,0.100315276583548,1.00315276583548,0.114646030381198,0.329607337345944,0.214961306964746,0.0429922613929493,0.200630553167097,0.444253367727142,0.630553167096589,0.214961306964746,0.171969045571797,2.00630553167097,0.0859845227858985,1.86299799369447,1.21811407280023,0.229292060762396,0.429922613929493,0.0859845227858985,2.20693608483806,1.83433648609917,0.401261106334193,0.100315276583548,1.56205216394382,0.415591860131843,0.472914875322442,0.716537689882488,0.802522212668386,1.94898251648037,0.401261106334193,0.372599598738894,0.458584121524792,0.859845227858985,0.0286615075952995,0.143307537976498,0.386930352536543,0.0286615075952995,0.286615075952995,0.544568644310691,0.0429922613929493,0,0.401261106334193,2.35024362281456,2.8804815133276,0.401261106334193,0.286615075952995,0.143307537976498,1.79134422470622,0.0859845227858985,0.243622814560046,0.0859845227858985,2.47922040699341,4.01261106334193,0.487245629120092,0.157638291774147,0.544568644310691,0.114646030381198,0.343938091143594,0.0859845227858985,1.44740613356263,0.171969045571797,0.917168243049584,2.63685869876756,0.444253367727142,0.0286615075952995,0.372599598738894,3.48237317282889,0.200630553167097,0.716537689882488,0.329607337345944,0.659214674691889,1.80567497850387,0.0429922613929493,0.171969045571797,1.84866723989682,1.66236744052737,0.157638291774147,0.272284322155345,0.186299799369447,1.27543708799083,0.315276583548295,1.77701347090857,0.200630553167097,0.58756090570364,0.415591860131843
"Cabernet Sauvignon",88.6075802364865,47.9400170466652,9472,0.107989028314723,0.032396708494417,0.501069091380316,0.0388760501933004,0.0302369279281225,0.40171918533077,0.131746614543962,1.00861752445951,0.060473855856245,2.69972570786808,0.233256301159802,5.18563313967301,0.129586833977668,0.818556834625602,0.205179153797974,0.637135267056867,0.179261787002441,3.65218893760394,2.14034254119781,0.328286646076759,0.0453553918921838,6.23744627545841,3.21807304377875,0.276451912485691,0.488110407982549,0.900628496144792,0.680330878382756,1.092848966545,0.539945141573616,1.07341094144835,0.412518088162243,3.02585257337854,2.77315824712209,0.647934169888339,0.0799118809528952,0.678171097816462,0.455713699488132,0.0993499060495454,3.00209498714931,0.939504546338092,0.526986458175849,0.092870564350662,0.855273104252608,0.0950303449169564,0.321807304377875,0.15982376190579,0.0950303449169564,0.116628150579901,0.254854106822747,0.129586833977668,0.138225956242846,0.0475151724584782,1.03885445238764,0.0863912226517786,0.822876395758191,1.23539448392043,0.183581348135029,0.142545517375435,0.138225956242846,1.77317984492776,1.34338351223516,0.481631066283666,0.088551003218073,1.15548260296754,0.431956113258893,0.375801818535237,0.993499060495454,1.17924018919678,0.861752445951491,0.317487743245286,0.142545517375435,0.634975486490573,0.550744044405088,0.233256301159802,0.129586833977668,0.226776959460919,0.149024859074318,0.559383166670266,0.96758169369992,0.10150968661584,0.0194380250966502,0.652253731020928,1.54424310490054,3.03881125677631,0.285091034750869,0.349884451739703,0.213818276063152,1.19867821429343,0.239735642858686,0.0431956113258893,0.0518347335910671,2.92218310619641,3.2375110688754,0.48379084684996,0.358523574004881,0.125267272845079,0.172782445303557,0.295889937582342,0.0799118809528952,0.816397054059308,0.166303103604674,1.27427053411373,2.86170925034017,0.641454828189456,0.0647934169888339,0.224617178894624,2.26992937517548,0.164143323038379,0.272132351353103,0.272132351353103,0.449234357789249,2.46430962614198,0.0107989028314723,0.192220470400207,2.35632059782726,0.801278590095246,0.213818276063152,0.287250815317164,0.166303103604674,1.57879959396125,0.278611693051986,1.88116887324248,0.129586833977668,0.228936740027213,0.252694326256452
"Carmenere",86.5895652173913,21.5238095238095,575,0.29663810151615,0,0.03295978905735,0.03295978905735,0,0.03295978905735,0.03295978905735,0.856954515491101,0.3295978905735,10.2175346077785,0.494396835860251,4.8121292023731,0.0659195781147001,0.3955174686882,0.4614370468029,0.3295978905735,0.16479894528675,0.856954515491101,0.1318391562294,0.0659195781147001,0,3.19709953856295,2.5708635464733,0.0988793671720501,0.1318391562294,0.3955174686882,0.1318391562294,2.01054713249835,0.988793671720501,0.3295978905735,0.5273566249176,0.494396835860251,3.06526038233355,0.692155570204351,0.03295978905735,0,0.3295978905735,0.3955174686882,1.21951219512195,2.0435069215557,0.29663810151615,0.0659195781147001,0.1318391562294,0.0988793671720501,0.16479894528675,0.1318391562294,0.0659195781147001,0.0988793671720501,0.36255767963085,0,0.1318391562294,0.03295978905735,1.8457481872116,0.0988793671720501,3.32893869479235,0.3295978905735,0,0.42847725774555,0,2.1753460777851,3.59261700725115,0.1977587343441,0.16479894528675,0.758075148319051,0.23071852340145,0.4614370468029,1.02175346077785,1.02175346077785,0.4614370468029,0.955833882663151,0,0.593276203032301,0.3955174686882,0.1318391562294,0.0988793671720501,0.0659195781147001,0,1.0547132498352,0.692155570204351,0.0659195781147001,0.0988793671720501,4.31773236651285,2.3071852340145,8.43770599868161,0.1977587343441,0.0659195781147001,0.42847725774555,1.318391562294,0,0,0.23071852340145,0.494396835860251,2.0435069215557,1.6479894528675,0.0988793671720501,0,0,0.1318391562294,0.593276203032301,0.626235992089651,0.1977587343441,0.626235992089651,1.08767303889255,1.5820698747528,0,0.16479894528675,4.2188529993408,0.16479894528675,0.1318391562294,0.1318391562294,0.1318391562294,1.35135135135135,0,0.2636783124588,1.21951219512195,0.659195781147001,0.23071852340145,0.3955174686882,0.03295978905735,0.988793671720501,1.2524719841793,1.41727092946605,0,0.03295978905735,0.659195781147001
"Champagne Blend",89.663323782235,70.7448389760528,1396,0.0361402240693892,0.614383809179617,0.0361402240693892,0,5.83664618720636,0.0361402240693892,0.0722804481387785,4.80664980122877,0,0.758944705457174,0.397542464763282,0.0180701120346946,0,0,0,2.58402602096133,0.0542103361040838,0,0,0.0722804481387785,0.0542103361040838,0.271051680520419,0.0722804481387785,0,0.126490784242862,0.0361402240693892,0.0180701120346946,0.0180701120346946,0,1.31911817853271,9.52294904228406,0.632453921214312,0.126490784242862,0.23491145645103,0.867365377665341,1.87929165160824,0.668594145283701,0.271051680520419,5.83664618720636,0.361402240693892,0.433682688832671,0.0180701120346946,1.40946873870618,0.361402240693892,0,0.0180701120346946,0.0180701120346946,0.0180701120346946,0.524033249006144,0.0903505601734731,0,0.650524033249006,4.93314058547163,0.0361402240693892,5.3668232743043,1.06613661004698,0.46982291290206,0.162631008312252,0,0.216841344416335,0.0361402240693892,0.758944705457174,0.0542103361040838,0.108420672208168,0.198771232381641,0,0.0180701120346946,0.0903505601734731,2.89121792555114,2.25876400433683,0.0180701120346946,0.108420672208168,0.0903505601734731,0.0722804481387785,0,2.6924466931695,0.0361402240693892,0.0361402240693892,0,0.144560896277557,0.23491145645103,0.0180701120346946,0.0722804481387785,0.397542464763282,0,0,0,1.02999638597759,0.144560896277557,0.758944705457174,0.0180701120346946,6.17997831586556,9.32417780990242,0.0542103361040838,0.0180701120346946,2.42139501264908,1.28297795446332,0.0180701120346946,0.0361402240693892,0.0361402240693892,0,0.903505601734731,6.23418865196964,0.144560896277557,0.198771232381641,0.0180701120346946,1.04806649801229,0.0542103361040838,1.30104806649801,0.126490784242862,0.0722804481387785,1.24683773039393,0.0722804481387785,1.48174918684496,0.46982291290206,0.415612576797976,0.0903505601734731,0,0,0,0.0180701120346946,0.70473436935309,0.198771232381641,0,0.108420672208168
"Chardonnay",88.3400833829661,34.5220216606498,11753,0.217027004752617,0.832394714430922,0.233510068404714,0.0549435455069916,10.2524655916046,0.19230240927447,0.175819345622373,2.56586357517651,0.00274717727534958,0.0329661273041949,0.439548364055933,0,0,0,0,2.59333534793,0.373616109447543,0,0.0329661273041949,0.420318123128485,0.109887091013983,0.0109887091013983,0.0137358863767479,0.00274717727534958,0.554929809620615,0.137358863767479,0.00274717727534958,0.019230240927447,0.00274717727534958,1.2746902557622,5.74160050548062,0.0467020136809428,0.219774182027966,0.252740309332161,0.549435455069916,1.45875113321063,0.483503200461526,0.368121754896844,2.15378698387407,0.236257245680064,0.752726573445784,0.156589104694926,1.08788220103843,0.351638691244746,0.00274717727534958,0.406582236751738,0.126370154666081,0.203291118375869,0.920304387242109,0.480756023186176,0,0.365374577621494,3.97241834015549,0.203291118375869,3.66198730804099,1.29941485124035,0.211532650201918,0.181313700173072,0.0824153182604874,0.313178209389852,0.266476195708909,0.387351995824291,0.233510068404714,0.925798741792808,0.508227795939672,0.0164830636520975,0,0.0384604818548941,2.9147550891459,1.08238784648773,0.208785472926568,0.733496332518337,0.887338259937914,0.175819345622373,0.00274717727534958,2.16477569297547,0.340649982143348,0.0659322546083899,0.00274717727534958,0.159336281970276,0.414823768577786,0.0934040273618857,0.19230240927447,0.252740309332161,0.181313700173072,0.13186450921678,0.00549435455069916,0.00549435455069916,0.153841927419576,1.13458421471938,0.00274717727534958,5.71962308727782,7.64264718002253,0.428559654954534,0.140106041042829,0.071426609159089,1.21425235570451,0.0494491909562924,0.582401582374111,0.607126177852257,0.126370154666081,1.51918903326832,2.97794016647894,0.464272959534079,0.184060877448422,0.450537073157331,3.08782725749293,0.409329414027087,0.00274717727534958,0.862613664459768,0.164830636520975,3.07958572566688,0.961512046372352,1.10436526469053,0.0686794318837395,1.20051646932777,0.26098184115821,0.0796681409851378,0.0412076591302437,0.0302189500288454,0.00274717727534958,5.25809730501909,0.560424164171314,0.00274717727534958,0.120875800115381
"Chenin Blanc",88.575296108291,23.2307692307692,591,0.308914386584289,2.03000882612533,0.088261253309797,0,10.017652250662,0.441306266548985,0.264783759929391,3.0008826125331,0,0.0441306266548985,0.794351279788173,0,0,0,0,3.53045013239188,0.088261253309797,0,0,0.176522506619594,0.0441306266548985,0,0,0,0.088261253309797,0.264783759929391,0,0,0,0.617828773168579,5.42806707855252,0.264783759929391,0.0441306266548985,0.088261253309797,0.838481906443072,2.03000882612533,0.57369814651368,0.353045013239188,4.98676081200353,0.176522506619594,0.88261253309797,0.264783759929391,0.617828773168579,0.308914386584289,0,0.308914386584289,0.132391879964696,0.220653133274492,1.45631067961165,0.794351279788173,0,0.264783759929391,5.20741394527802,0.220653133274492,2.8243601059135,0.441306266548985,0.132391879964696,0.57369814651368,0.0441306266548985,0.353045013239188,0.353045013239188,0.220653133274492,0.0441306266548985,0.88261253309797,0.617828773168579,0.220653133274492,0,0,3.13327449249779,1.58870255957635,0.176522506619594,1.27978817299206,1.23565754633716,0,0,1.54457193292145,0.0441306266548985,0,0,0.353045013239188,0.926743159752868,0,0.132391879964696,1.10326566637246,0.264783759929391,0,0.0441306266548985,0,0.132391879964696,1.50044130626655,0,4.50132391879965,7.19329214474846,0.088261253309797,0.088261253309797,0,1.45631067961165,0,0.0441306266548985,0.176522506619594,0,1.41218005295675,2.55957634598411,0.264783759929391,0.088261253309797,0.220653133274492,3.97175639894086,0.220653133274492,0.088261253309797,0.706090026478376,0,5.11915269196823,0.397175639894086,0.970873786407767,0.0441306266548985,0.838481906443072,0.088261253309797,0.088261253309797,0,0.0441306266548985,0,1.05913503971756,0.750220653133274,0,0.088261253309797
"Corvina",88.2558502340094,47.7286821705426,641,0,1.96078431372549,0,0,1.50610969025291,0.0852514919011083,0.0568343279340722,0.483091787439614,0,3.52372833191248,0.568343279340722,2.98380221653879,0,1.07985223074737,0.0568343279340722,3.55214549587951,0.198920147769253,0.966183574879227,0.738846263142938,0.0284171639670361,0.51150895140665,7.89997158283603,2.55754475703325,0.14208581983518,1.30718954248366,1.16510372264848,0,0.341005967604433,2.95538505257175,0.170502983802217,1.70502983802217,0.738846263142938,3.55214549587951,0.568343279340722,0.284171639670361,0.284171639670361,0.284171639670361,0,0.170502983802217,0.198920147769253,1.59136118215402,0.369423131571469,0.909349246945155,0.426257459505541,0.426257459505541,1.07985223074737,0.0284171639670361,0,0.113668655868144,0.198920147769253,0.909349246945155,0.0852514919011083,1.76186416595624,0.0852514919011083,0.0284171639670361,0.0284171639670361,0,0.255754475703325,0.682011935208866,0.397840295538505,0.369423131571469,0.0568343279340722,0.0568343279340722,0.0852514919011083,0.198920147769253,0.312588803637397,2.95538505257175,1.47769252628588,0.710429099175902,0.65359477124183,0.227337311736289,0.454674623472577,0.682011935208866,0.14208581983518,0.0568343279340722,0.738846263142938,0,0.14208581983518,0.227337311736289,0,0.0284171639670361,0.312588803637397,0.994600738846263,0.767263427109974,0.426257459505541,1.13668655868144,0.170502983802217,1.0230179028133,0.0284171639670361,0.0568343279340722,0,1.79028132992327,2.78488206876954,0.483091787439614,0.0284171639670361,0.397840295538505,0.0284171639670361,0.0568343279340722,0,1.16510372264848,0.483091787439614,1.79028132992327,2.98380221653879,0.198920147769253,0.284171639670361,0.625177607274794,8.43989769820972,0.113668655868144,0.51150895140665,0.284171639670361,0.51150895140665,3.63739698778062,0,0.170502983802217,0.170502983802217,0.426257459505541,0,0.0568343279340722,0.0284171639670361,3.35322534811026,0.0284171639670361,0.966183574879227,0.397840295538505,0.0568343279340722,1.25035521454959
"Gamay",88.0331707317073,20.6997607655502,1025,0.0769033581133043,0,0,0,0.0512689054088695,0.0256344527044348,0.0256344527044348,1.82004614201487,0,2.61471417585235,0.666495770315304,0.435785695975391,0.179441168931043,0.153806716226609,0,3.6144578313253,0.0512689054088695,0,0,0,0,7.99794924378365,0.153806716226609,0,0,0,0.0256344527044348,0.0769033581133043,0,0.435785695975391,3.6144578313253,0.53832350679313,2.12765957446809,0.0256344527044348,0,1.43552935144835,0.512689054088695,0.48705460138426,3.40938220968982,0.128172263522174,0.333247885157652,0.0256344527044348,0.179441168931043,0.128172263522174,0,0.0256344527044348,0.0256344527044348,0.0256344527044348,0.281978979748782,0,0,0.53832350679313,3.92207126377852,0.153806716226609,11.9456549602666,0.563957959497565,0.410151243270956,0.0512689054088695,0.0256344527044348,0.0256344527044348,0.0256344527044348,0.615226864906434,0,5.74211740579339,0.333247885157652,0,0.0256344527044348,0.0512689054088695,3.58882337862087,0.794668033837478,0.0256344527044348,0.0256344527044348,0,0,0,1.53806716226609,0,0.0512689054088695,0,0,0,0,0.358882337862087,2.58907972314791,0,0,0,0.435785695975391,0,0.53832350679313,0,6.84439887208408,10.0999743655473,0.0512689054088695,0.0256344527044348,0.0512689054088695,1.51243270956165,0.0256344527044348,0.0256344527044348,0.0512689054088695,0,0.897205844655217,4.43476031786721,2.38400410151243,0,0.0256344527044348,2.23019738528582,0,0.692130223019738,0.0769033581133043,0.0512689054088695,1.179184824404,0,0.461420148679826,2.33273519610356,0.102537810817739,0,0,0,0,0,0.102537810817739,0.128172263522174,0.0256344527044348,0.102537810817739
"Gewurztraminer",88.5909090909091,26.2834728033473,1012,0.331463539010709,0.203977562468129,0,0.356960734319225,2.03977562468129,0.203977562468129,0.0764915859255482,3.18714941356451,0,0.0509943906170321,1.580826109128,0,0,0,0,1.63182049974503,0.254971953085161,0,0,0.101988781234064,0.331463539010709,0.0509943906170321,0.0509943906170321,0,0.280469148393677,0.305966343702193,0,0.0254971953085161,0,0.739418663946966,1.96328403875574,0,0.229474757776645,0.152983171851096,0.866904640489546,0.815910249872514,0.254971953085161,0.484446710861805,6.55277919428863,0.917899031106578,0.815910249872514,0.0764915859255482,0.96889342172361,0.331463539010709,0,1.52983171851096,0.229474757776645,0.12748597654258,3.54411014788373,0.917899031106578,0,0.866904640489546,4.18154003059663,0.229474757776645,1.86129525752167,0.917899031106578,0.790413054563998,0.96889342172361,0,0.152983171851096,0.101988781234064,0.101988781234064,0.203977562468129,1.93778684344722,0.356960734319225,0.152983171851096,0.0254971953085161,0,1.580826109128,0.71392146863845,0.790413054563998,0.509943906170321,1.47883732789393,0.203977562468129,0,1.14737378888322,0,0.0764915859255482,0,0.305966343702193,0.12748597654258,0,1.24936257011729,0.509943906170321,0.254971953085161,0.0764915859255482,0.0254971953085161,0,0.152983171851096,1.19836817950025,0,6.73125956144824,6.06833248342682,0.254971953085161,0.0509943906170321,4.71698113207547,2.11626721060683,0.0764915859255482,0.0764915859255482,0.382457929627741,0.0764915859255482,0.815910249872514,2.65170831208567,0.101988781234064,0.0764915859255482,0.0764915859255482,7.08822029576747,0.101988781234064,0,1.12187659357471,0.0254971953085161,5.99184089750127,1.70831208567058,0.662927078021418,0,0.586435492095869,0.152983171851096,0.84140744518103,0.0254971953085161,0,0,1.04538500764916,0.280469148393677,0.0764915859255482,0.178480367159612
"Glera",87.2440056417489,20.1175496688742,709,0,3.0267753201397,0.0388048117966628,0,12.4951493985254,0.0776096235933256,0.0388048117966628,0.620876988746605,0,0,0.620876988746605,0,0,0,0,8.18781528909585,0.0776096235933256,0,0,0.0388048117966628,0.194024058983314,0,0,0,0.0776096235933256,0.194024058983314,0,0,0,0.0388048117966628,6.48040357004268,0,0,0,2.52231276678308,0.543267365153279,0.426852929763291,0,3.68645712068296,0.0388048117966628,1.86263096623981,0.814901047729919,1.74621653084983,0.155219247186651,0,0.69848661233993,0.0388048117966628,0,1.55219247186651,2.52231276678308,0,2.09545983701979,6.40279394644936,0.232828870779977,0.0776096235933256,0,0,0.155219247186651,0.0388048117966628,1.08653473030656,1.43577803647652,0,0.0388048117966628,0.737291424136593,0.0776096235933256,0.0388048117966628,0,0,1.59099728366317,2.40589833139309,0.0388048117966628,0.116414435389988,0.116414435389988,0,0.0388048117966628,2.59992239037641,0.116414435389988,0.155219247186651,0,0,0,0,0.737291424136593,0,0.310438494373302,0.69848661233993,0,0,1.08653473030656,2.87155607295305,0,1.82382615444315,3.57004268529298,0.0388048117966628,0,0.69848661233993,0.0388048117966628,0,0.116414435389988,0.543267365153279,0.155219247186651,1.00892510671323,4.54016298020955,0.0388048117966628,0.0388048117966628,0.116414435389988,0.194024058983314,0.582072176949942,0,1.12533954210322,0.0776096235933256,2.91036088474971,0.931315483119907,0.69848661233993,0,0.504462553356616,0,0,0.388048117966628,0,0,0.116414435389988,4.07450523864959,0,1.55219247186651
"Grenache",87.9508700102354,31.5035971223022,977,0.163766632548618,0.0204708290685773,0.696008188331627,0.0409416581371546,0.307062436028659,0.143295803480041,0.0818833162743091,0.4503582395087,0.0818833162743091,4.15557830092119,0.327533265097236,1.94472876151484,0.0204708290685773,0.614124872057318,0.4503582395087,1.18730808597748,0.22517911975435,0.67553735926305,0.266120777891505,0.163766632548618,0.0614124872057318,7.55373592630502,1.47389969293756,0.0409416581371546,1.3510747185261,1.02354145342886,0.327533265097236,0.327533265097236,1.02354145342886,0.921187308085977,1.1668372569089,0.655066530194473,2.0675537359263,0.634595701125896,0.429887410440123,0.573183213920164,0.491299897645855,0.163766632548618,1.71954964176049,1.59672466734903,0.491299897645855,0.122824974411464,0.839303991811668,0.122824974411464,0.102354145342886,0.266120777891505,0.0614124872057318,0.245649948822927,1.0849539406346,0.859774820880246,0.0409416581371546,0.102354145342886,2.57932446264074,0.102354145342886,1.00307062436029,0.921187308085977,0.102354145342886,0.67553735926305,0.0818833162743091,1.04401228249744,1.20777891504606,0.0818833162743091,0.368474923234391,1.00307062436029,0.266120777891505,0.22517911975435,0.593654042988741,1.18730808597748,3.07062436028659,0.818833162743091,0.122824974411464,0.470829068577277,0.470829068577277,0.143295803480041,0.0409416581371546,0.409416581371546,0.0409416581371546,0.573183213920164,0.470829068577277,0.102354145342886,0,0.266120777891505,2.0675537359263,6.0388945752303,0.184237461617196,0.122824974411464,0.859774820880246,3.86898669396111,0.0614124872057318,0.102354145342886,0.286591606960082,1.55578300921187,2.45649948822927,0.552712384851586,0.163766632548618,1.65813715455476,0.122824974411464,0.245649948822927,0.327533265097236,1.02354145342886,0.409416581371546,0.532241555783009,1.33060388945752,0.511770726714432,0.102354145342886,0.266120777891505,3.31627430910952,0.0818833162743091,1.94472876151484,0.286591606960082,0.470829068577277,1.985670419652,0.0818833162743091,0.307062436028659,1.45342886386899,1.3510747185261,0.491299897645855,0.470829068577277,0.552712384851586,0.573183213920164,0.286591606960082,1.8014329580348,0.307062436028659,0.491299897645855,0.491299897645855
"Gruner Veltliner",89.9806691449814,27.7807860262009,1345,0.146997060058799,0.209995800083998,0,1.38597228055439,4.13691726165477,0.0419991600167997,0.545989080218396,1.17597648047039,0,0.0419991600167997,0.524989500209996,0,0,0,0,1.95296094078118,0.0629987400251995,0,0,0.0419991600167997,0.0209995800083998,0,0,0,0.0839983200335993,0,0,0,0,0.587988240235195,4.03191936161277,0.251994960100798,0.167996640067199,0.125997480050399,0.587988240235195,1.46997060058799,0.944981100377992,0.524989500209996,2.98194036119278,0.755984880302394,1.88996220075598,0,0.377992440151197,0.272994540109198,0,0.209995800083998,0.314993700125997,0.104997900041999,0.734985300293994,0.230995380092398,0.0209995800083998,0.713985720285594,9.51280974380512,0.650986980260395,1.86896262074759,0.545989080218396,0.755984880302394,0.377992440151197,0.0419991600167997,0.482990340193196,0.713985720285594,0.0839983200335993,0.524989500209996,2.07895842083158,0.419991600167997,0.293994120117598,0,0,4.93490130197396,1.99496010079798,0.293994120117598,0.0209995800083998,0,0.377992440151197,0,1.38597228055439,0.0419991600167997,0.125997480050399,0,0.146997060058799,0.167996640067199,0,6.59386812263755,1.63796724065519,0,0,0,0,0,4.15791684166317,0,3.77992440151197,8.86182276354473,0.0209995800083998,0.0209995800083998,0.0629987400251995,2.64594708105838,0.0419991600167997,0.776984460310794,3.25493490130197,0.0209995800083998,1.15497690046199,1.97396052078958,0.0419991600167997,0.0419991600167997,0.0629987400251995,5.08189836203276,0.0629987400251995,0,1.13397732045359,0.188996220075598,0.398992020159597,0.293994120117598,0.692986140277194,0,0.566988660226796,0.0209995800083998,0,0.0419991600167997,0,0.0209995800083998,0.587988240235195,0.125997480050399,0,0.104997900041999
"Malbec",87.9830316742081,29.9267258002314,2652,0.166087875585082,0.015098897780462,0.188736222255775,0.00754944889023101,0.0679450400120791,0.0528461422316171,0.00754944889023101,1.10221953797373,0.15098897780462,8.21380039257134,0.536010871206402,5.78287784991696,0.143439528914389,1.49479088026574,0.543560320096633,0.875736071266798,0.166087875585082,1.86471387588706,0.241582364487392,0.0754944889023101,0.113241733353465,2.89898837384871,2.71025215159293,0.022648346670693,0.135890080024158,0.724747093462177,0.294428506719009,1.23056016910766,0.581307564547788,0.551109768986864,0.400120791182244,0.82288992903518,3.58598822285973,0.996527253510494,0.0301977955609241,0.317076853389703,0.44541748452363,0.22648346670693,1.57783481805828,1.57028536916805,0.241582364487392,0.0603955911218481,0.377472444511551,0.166087875585082,0.203835120036237,0.52091197342594,0.0528461422316171,0.0981428355730032,0.815340480144949,0.0830439377925411,0.0452966933413861,0.0452966933413861,1.73637324475313,0.218934017816699,3.55579042729881,0.566208666767326,0.0603955911218481,0.279329608938547,0.022648346670693,0.928582213498415,1.04937339574211,0.332175751170165,0.113241733353465,1.73637324475313,0.437868035633399,0.143439528914389,1.12486788464442,1.33625245357089,0.981428355730032,0.603955911218481,0.0301977955609241,0.679450400120791,0.294428506719009,0.143439528914389,0.113241733353465,0.332175751170165,0.0301977955609241,0.89083496904726,0.709648195681715,0.0603955911218481,0.015098897780462,0.279329608938547,1.11731843575419,6.68881171674468,0.271780160048316,0.188736222255775,0.709648195681715,1.50234032915597,0.0603955911218481,0.0377472444511551,0.143439528914389,2.0685489959233,3.70677940510343,1.27585686244904,0.166087875585082,0.0905933866827722,0.158538426694851,0.347274648950627,0.649252604559867,0.936131662388646,0.0905933866827722,0.973878906839801,1.38154914691228,1.50234032915597,0.022648346670693,0.264230711158085,3.32175751170165,0.120791182243696,0.173637324475313,0.166087875585082,0.181186773365544,1.80431828476521,0.00754944889023101,0.294428506719009,2.12894458704515,0.837988826815642,0.143439528914389,0.143439528914389,0.0679450400120791,0.634153706779405,0.452966933413861,1.72127434697267,0.0830439377925411,0.256681262267854,0.656802053450098
"Merlot",87.2085751128304,29.5434356629654,3102,0.116088500409724,0.136574706364381,0.518983884184649,0.0409724119093144,0.0751160885004097,0.320950559956296,0.0546298825457525,0.908221797323136,0.0682873531821907,2.94318492215242,0.450696531002458,3.06610215788036,0.0751160885004097,0.798962032231631,0.177547118273696,0.682873531821907,0.286806883365201,1.0038240917782,1.31111718109806,0.348265501229172,0.0273149412728763,8.03742146954384,2.77246653919694,0.232177000819448,0.723845943731221,0.723845943731221,0.839934444140945,1.31794591641628,0.846763179459164,0.669216061185469,0.600928708003278,1.6115815350997,2.27396886096695,0.518983884184649,0.170718382955477,0.628243649276154,0.43703906036602,0.129745971046162,3.19584812892652,0.983337885823546,0.839934444140945,0.170718382955477,0.839934444140945,0.116088500409724,0.443867795684239,0.191204588910134,0.0751160885004097,0.177547118273696,0.211690794864791,0.102431029773286,0.122917235727943,0.0819448238186288,1.11991259218793,0.0887735591368479,1.05845397432396,1.0379677683693,0.170718382955477,0.1434034416826,0.102431029773286,1.60475279978148,1.24282982791587,0.334608030592734,0.116088500409724,1.20185741600656,0.348265501229172,0.21851953018301,0.826276973504507,1.29745971046162,1.6115815350997,0.273149412728763,0.300464354001639,0.566785031412183,0.662387325867249,0.211690794864791,0.177547118273696,0.157060912319039,0.0136574706364381,0.471182736957116,1.02431029773286,0.0682873531821907,0.0273149412728763,0.505326413548211,1.64572521169079,4.52062278066102,0.382409177820268,0.430210325047801,0.266320677410544,1.80278612400983,0.136574706364381,0.109259765091505,0.0682873531821907,2.71783665665119,3.24364927615406,0.478011472275335,0.232177000819448,0.211690794864791,0.239005736137667,0.409724119093144,0.122917235727943,0.676044796503688,0.232177000819448,1.73449877082764,3.66703086588364,0.600928708003278,0.0887735591368479,0.348265501229172,3.29827915869981,0.163889647637258,0.464354001638896,0.389237913138487,0.600928708003278,2.26714012564873,0.00682873531821907,0.21851953018301,1.74132750614586,1.05162523900574,0.307293089319858,0.259491942092325,0.109259765091505,1.20868615132477,0.300464354001639,2.22616771373942,0.122917235727943,0.21851953018301,0.198033324228353
"Nebbiolo",90.2510699001427,65.6096096096096,2804,0.0242907112320249,0.189467547609794,2.02098717450447,0,0.0680139914496696,0.281772250291489,0.636416634279052,0.602409638554217,1.67605907500972,6.09696851923824,0.267197823552274,0.412942090944423,0,0.0825884181888846,0.00485814224640497,2.13758258841819,0.0291488534784298,0.364360668480373,0.315779246016323,0.00971628449280995,0.0437232802176448,9.09930042751652,0.680139914496696,0.0874465604352895,1.38942868247182,2.32219199378158,0.126311698406529,1.4671589584143,0.95705402254178,0.116595413913719,0.150602409638554,0.189467547609794,2.33676642052079,0.0923047026816945,0.364360668480373,0.383793237465993,0.354644383987563,0.0582977069568597,0.301204819277108,0.636416634279052,0.0680139914496696,0.0291488534784298,1.38457054022542,0.0388651379712398,1.88010104935873,0.728721336960746,0.155460551884959,0.0145744267392149,0.330353672755538,0.170034978624174,0.791877186164011,0.573260785075787,1.39914496696463,0.0728721336960746,0.0340069957248348,0.893898173338515,0.00971628449280995,0.145744267392149,0.0631558492032647,2.90031092110377,0.582977069568597,0.0631558492032647,0.0534395647104547,1.48659152739992,0.223474543334629,0.102020987174504,3.24523902059852,3.98367664205208,0.286630392537894,0.204041974349009,0.0825884181888846,0.0388651379712398,0.0874465604352895,0.0437232802176448,1.73921492421298,0.884181888845705,0.00971628449280995,1.25340069957248,0.782160901671201,0,0.00485814224640497,0.0242907112320249,2.58453167508745,0.952195880295375,0.160318694131364,1.39428682471823,0.199183832102604,2.94403420132141,0.961912164788185,0.00485814224640497,0.00971628449280995,0.495530509133307,3.09463661095997,0.757870190439176,0.174893120870579,2.56509910610183,0.0680139914496696,0.106879129420909,0.0194325689856199,0.607267780800622,0.208900116595414,0.587835211815002,0.476097940147688,0.461523513408473,0.111737271667314,1.02992615623785,5.30994947532064,0.476097940147688,0.748153905946366,0.252623396813059,0.252623396813059,0.670423630003886,0.0145744267392149,0.0242907112320249,0.471239797901283,0.490672366886902,0.0145744267392149,0.0437232802176448,0.155460551884959,2.03556160124368,0.0145744267392149,1.40886125145744,0.811309755149631,1.37485425573261,2.21045472211426
"Nero d'Avola",87.4493150684931,23.3343558282209,365,0,3.35365853658537,0.78397212543554,0,0.130662020905923,0.0871080139372822,0,0.130662020905923,0,4.96515679442509,1.00174216027875,6.05400696864112,0.304878048780488,1.17595818815331,0,2.9616724738676,0.0435540069686411,0.609756097560976,0,0.0871080139372822,0.174216027874564,8.79790940766551,0.914634146341463,0.0435540069686411,1.00174216027875,1.26306620209059,0.871080139372822,0.609756097560976,0.566202090592335,0.130662020905923,0.304878048780488,0.348432055749129,2.17770034843206,0.174216027874564,0.0871080139372822,0.479094076655052,0.348432055749129,0.0435540069686411,0.0435540069686411,0.609756097560976,1.39372822299652,1.61149825783972,0.522648083623693,0.0435540069686411,1.39372822299652,0.609756097560976,0.0435540069686411,0,0.130662020905923,0.0435540069686411,0.566202090592335,0.0871080139372822,2.39547038327526,0.130662020905923,0,0.217770034843206,0,0.740418118466899,0.217770034843206,0.609756097560976,0.304878048780488,0.0871080139372822,0.0435540069686411,3.57142857142857,0.130662020905923,0.174216027874564,1.74216027874564,1.52439024390244,0.522648083623693,0.261324041811847,0,0.0435540069686411,0.0435540069686411,0,0.0871080139372822,0.435540069686411,0,0.130662020905923,0.522648083623693,0,0.174216027874564,0.130662020905923,2.65679442508711,1.91637630662021,0.304878048780488,1.39372822299652,0.174216027874564,2.61324041811847,0.0435540069686411,0.0871080139372822,0,0.566202090592335,5.18292682926829,0.609756097560976,0.0871080139372822,0.435540069686411,0.304878048780488,0.304878048780488,0,1.13240418118467,0.261324041811847,2.26480836236934,2.70034843205575,0.261324041811847,0.130662020905923,0.479094076655052,5.92334494773519,1.30662020905923,0.348432055749129,0.217770034843206,0.304878048780488,0.653310104529617,0,0.304878048780488,0,0.348432055749129,0,0.0435540069686411,0,0.740418118466899,0.0871080139372822,1.91637630662021,0.261324041811847,0.914634146341463,1.35017421602787
"Petite Sirah",88.2038961038961,31.4661458333333,770,0.13419216317767,0,0.644122383252818,0.0805152979066023,0.0268384326355341,0.348899624261943,0.0536768652710682,0.751476113794954,0.107353730542136,1.1003757380569,0.375738056897477,6.52173913043478,0.0805152979066023,2.76435856146001,0.778314546430488,0.536768652710682,0.214707461084273,0.563607085346216,0.831991411701557,0.268384326355341,0.0805152979066023,3.73054213633924,4.8040794417606,0.295222758990875,0.348899624261943,0.348899624261943,0.295222758990875,1.63714439076758,0.831991411701557,0.885668276972625,0.187869028448739,1.52979066022544,5.34084809447128,1.15405260332797,0.107353730542136,1.1808910359635,0.241545893719807,0.0536768652710682,2.97906602254428,0.966183574879227,0.268384326355341,0.0805152979066023,0.617283950617284,0.214707461084273,0.858829844337091,0.13419216317767,0.0536768652710682,0.241545893719807,0.429414922168545,0.509930220075148,0.0536768652710682,0.0536768652710682,0.670960815888352,0.0536768652710682,0.456253354804079,2.03972088030059,0.0805152979066023,0.72463768115942,0.644122383252818,0.322061191626409,0.563607085346216,0.295222758990875,0.107353730542136,1.0198604401503,0.858829844337091,0.161030595813205,1.63714439076758,1.85185185185185,0.697799248523886,0.0805152979066023,0.0805152979066023,0.483091787439614,0.402576489533011,0.322061191626409,0.0536768652710682,0,0,0.375738056897477,0.72463768115942,0.13419216317767,0.0536768652710682,0.13419216317767,4.53569511540526,1.95920558239399,0.187869028448739,0.241545893719807,0.348899624261943,1.1003757380569,0.13419216317767,0.0536768652710682,0,3.48899624261943,3.32796564680623,0.483091787439614,0.72463768115942,0.0536768652710682,0.268384326355341,1.1003757380569,0,0.72463768115942,0.483091787439614,1.15405260332797,3.4621578099839,0.295222758990875,0.0268384326355341,0.483091787439614,1.66398282340311,0.13419216317767,0.348899624261943,0.241545893719807,0.483091787439614,1.90552871712292,0,0.0536768652710682,3.6231884057971,0.778314546430488,0.295222758990875,0.13419216317767,0.161030595813205,1.07353730542136,0.0268384326355341,1.42243692968331,0.187869028448739,0.617283950617284,0.483091787439614
"Pinot Blanc",87.9328859060403,22.1,596,0.0933271115258983,1.02659822678488,0,0.699953336444237,11.1525898273448,0.186654223051797,0.233317778814746,1.63322445170322,0,0.0466635557629491,0.746616892207186,0,0,0,0,3.49976668222119,0.0933271115258983,0,0,0.186654223051797,0.0933271115258983,0.0466635557629491,0.0466635557629491,0,0.326644890340644,0,0,0,0,0.55996266915539,6.06626224918339,0.0466635557629491,0,0.139990667288847,1.49323378441437,1.58656089594027,0.233317778814746,0.326644890340644,2.89314045730285,0.886607559496034,1.07326178254783,0.233317778814746,1.58656089594027,0.186654223051797,0,0.373308446103593,0.0466635557629491,0.139990667288847,0.933271115258983,0.793280447970135,0,0.933271115258983,7.74615025664956,0.653289780681288,1.07326178254783,0.699953336444237,0.466635557629491,0.653289780681288,0.0466635557629491,0.886607559496034,0.279981334577695,0.0933271115258983,0.139990667288847,1.44657022865142,0.139990667288847,0.0466635557629491,0,0,3.91973868408773,1.49323378441437,0.0933271115258983,0.0933271115258983,0.419972001866542,0.0933271115258983,0,3.87307512832478,0.0466635557629491,0.0933271115258983,0,0.0466635557629491,0.373308446103593,0,0.51329911339244,0.839944003733084,0.0933271115258983,0.373308446103593,0.0933271115258983,0,0.373308446103593,2.05319645356976,0,3.87307512832478,5.87960802613159,0.279981334577695,0.0933271115258983,0.279981334577695,2.00653289780681,0,0.0466635557629491,0.886607559496034,0.0466635557629491,1.77321511899207,3.77974801679888,0.279981334577695,0.326644890340644,0.373308446103593,2.61315912272515,0.233317778814746,0,0.839944003733084,0.0466635557629491,0.839944003733084,0.839944003733084,0.886607559496034,0,1.35324311712553,0.139990667288847,0.0466635557629491,0,0,0,1.58656089594027,0.699953336444237,0,0.0466635557629491
"Pinot Gris",87.5484642999601,20.3389051399916,2507,0.271899751743705,1.59593332545218,0.0236434566733656,0.472869133467313,9.13819600425582,0.130039011703511,0.0945738266934626,1.98605036056271,0.0472869133467313,0.106395555030145,1.33585530204516,0,0,0,0,2.80174961579383,0.307364936753753,0,0,0.16550419671356,0.236434566733656,0.236434566733656,0.0354651850100485,0,0.874807896914529,0.189147653386925,0.0236434566733656,0.0236434566733656,0.0118217283366828,0.697481971864287,5.48528194822083,0.0354651850100485,0.0709303700200969,0.16550419671356,0.851164440241163,0.957559995271309,0.62655160184419,0.118217283366828,5.20156046814044,0.390117035110533,2.12791110060291,0.401938763447216,0.638373330180872,0.118217283366828,0,0.555621231824093,0.236434566733656,0.16550419671356,1.30039011703511,0.83934271190448,0.0236434566733656,0.780234070221066,6.57288095519565,0.401938763447216,1.32403357370848,0.910273081924577,0.484690861803996,0.54379950348741,0.0118217283366828,0.673838515190921,0.342830121763802,0.0945738266934626,0.236434566733656,2.02151554557276,0.295543208417071,0.0236434566733656,0,0.0472869133467313,3.99574417779879,1.53682468376877,0.390117035110533,0.496512590140679,0.981203451944674,0.200969381723608,0,1.98605036056271,0.118217283366828,0.118217283366828,0,0.177325925050242,0.16550419671356,0.0354651850100485,0.862986168577846,0.0945738266934626,0.0709303700200969,0.153682468376877,0,0.0118217283366828,0.0354651850100485,2.21066319895969,0,3.38101430429129,5.74535997162785,0.106395555030145,0.0236434566733656,0.484690861803996,1.14670764865823,0.0236434566733656,0.0709303700200969,0.709303700200969,0.0709303700200969,1.11124246364819,1.6550419671356,0.271899751743705,0.307364936753753,0.390117035110533,2.67171060409032,0.591086416834141,0.118217283366828,0.768412341884383,0.200969381723608,3.01454072585412,0.933916538597943,1.22945974701501,0.0472869133467313,1.9978720888994,0.354651850100485,0.212791110060291,0.0236434566733656,0,0.0472869133467313,1.89147653386925,0.756590613547701,0,0.118217283366828
"Pinot Noir",89.4024381178919,47.3775683608837,13453,0.126430343282388,0.0880211250700168,0.566535968632472,0.0960230455309274,0.208049931983676,0.193646475154037,0.177642634232216,1.07545810994639,0.0592142114107386,1.6740017604225,0.388893334400256,0.680163239177403,0.00640153636872849,0.235256461550772,0.176042250140034,1.45154837160919,0.395294870768985,0.102424581899656,0.369688725294071,0.116828038729295,0.0192046091061855,8.93654477074498,1.07065695766984,0.0240057613827319,1.13307193726494,0.832199727934704,0.270464911578779,0.422501400336081,2.94950788189165,1.39393454429063,1.45794990797791,0.660958630071217,2.08850124029767,0.571337120909018,0.732975914219413,1.1458750100024,0.652956709610306,0.212851084260222,2.55901416339922,1.72521405137233,0.449707929903177,0.0432103704889173,1.17948307593823,0.192046091061855,0.131231495558934,0.377690645754981,0.110426502360567,0.172841481955669,0.448107545810995,0.169640713771305,0.715371689205409,0.182443786508762,1.9876770424902,0.0544130591341922,2.17172121309114,0.9042170120829,0.344082579819157,0.18084340241658,0.163239177402577,0.901016243898536,0.609746339121389,0.307273745698968,0.21125070016804,1.36192686244699,0.44490677762663,0.588941345923021,0.350484116187885,0.835400496119069,3.04713131151476,0.566535968632472,0.134432263743298,0.518524445867008,0.537729054973194,0.18084340241658,0.137633031927663,0.328078738897335,0.0752180523325598,0.43690485716572,0.516924061774826,0.116828038729295,0.0320076818436425,0.204849163799312,1.10586540769785,2.18772505401296,0.187244938785308,0.25606145474914,0.0288069136592782,3.98815715771785,0.216051852444587,0.313675282067696,0.680163239177403,2.64703528846923,3.73689685524526,0.299271825238057,0.251260302472593,1.19868768504441,0.366487957109706,0.259262222933504,0.0672161318716492,0.971433143954549,0.176042250140034,0.936224693926542,2.21973273585661,0.659358245979035,0.0832199727934704,0.608145955029207,2.70624949987997,0.129631111466752,2.19892774265824,0.577738657277747,0.534528286788829,1.53476834440266,0.0704169000560134,0.592142114107386,0.992238137152917,2.12370969032568,0.281667600224054,1.27070496919261,0.499319836760823,0.372889493478435,0.385692566215892,1.19868768504441,0.352084500280067,0.26406337521005,1.00024005761383
"Port",89.7335329341317,64.6793587174349,668,0.0793650793650794,0.476190476190476,0.0793650793650794,0,0.0793650793650794,0.357142857142857,0.0793650793650794,3.29365079365079,0,2.6984126984127,0.714285714285714,2.34126984126984,0.357142857142857,0.238095238095238,0.0793650793650794,0.873015873015873,0.158730158730159,0.198412698412698,0.0793650793650794,0,0.0396825396825397,1.15079365079365,1.58730158730159,0.0793650793650794,0.0793650793650794,0.0793650793650794,0.0396825396825397,0.317460317460317,0,1.11111111111111,0.595238095238095,0.992063492063492,3.05555555555556,0.357142857142857,0.158730158730159,2.02380952380952,0.515873015873016,0.317460317460317,6.82539682539683,0,0.595238095238095,0,0.436507936507937,0.476190476190476,0,0,0.0396825396825397,0,0.476190476190476,0,0,0.555555555555556,3.45238095238095,0,7.46031746031746,0.317460317460317,0.198412698412698,0.238095238095238,0.0793650793650794,0.119047619047619,0.158730158730159,0.714285714285714,0.0793650793650794,1.58730158730159,0.555555555555556,0,0.0793650793650794,0.119047619047619,2.34126984126984,0.317460317460317,0.119047619047619,0.0396825396825397,0.158730158730159,0.0793650793650794,0,0.238095238095238,0,0.119047619047619,0.0396825396825397,0.0793650793650794,0.277777777777778,0,0.238095238095238,2.02380952380952,0.0396825396825397,0,1.46825396825397,0.119047619047619,0.0396825396825397,0.0793650793650794,0,8.65079365079365,9.76190476190476,0.158730158730159,0.0793650793650794,0.0793650793650794,0.634920634920635,0.158730158730159,0.0793650793650794,0,0,2.38095238095238,3.57142857142857,1.34920634920635,0.0793650793650794,0,3.37301587301587,0.0793650793650794,0.317460317460317,0,0.0396825396825397,8.05555555555556,0.0396825396825397,0.476190476190476,2.06349206349206,0.0793650793650794,0.0793650793650794,0,0.0396825396825397,0.0793650793650794,0,0.674603174603175,0.158730158730159,0.357142857142857,0.0396825396825397
"Portuguese Red",88.8106244931062,24.8192167577413,2466,0.068159688412853,0,0.00973709834469328,0,0.0292112950340798,0.0778967867575463,0.136319376825706,2.40506329113924,0,4.14800389483934,0.584225900681597,2.16163583252191,0.457643622200584,0.146056475170399,0,1.36319376825706,0.00973709834469328,0.00973709834469328,0.0292112950340798,0.0486854917234664,0,0.389483933787731,0.886075949367089,0,0.0584225900681597,0,0.0486854917234664,0.253164556962025,0,0.944498539435248,0.934761441090555,1.62609542356378,4.77117818889971,0.107108081791626,0.00973709834469328,0.915287244401168,0.272638753651412,0.428432327166504,3.3398247322298,0.486854917234664,0.56475170399221,0.126582278481013,0.701071080817916,0.447906523855891,0.0194741966893866,0.00973709834469328,0.00973709834469328,0.00973709834469328,0.0876338851022395,0,0,0.155793573515093,2.6095423563778,0.0876338851022395,12.7166504381694,0.632911392405063,0.467380720545278,0.331061343719572,0,0.116845180136319,0.0973709834469328,0.749756572541383,0.0292112950340798,5.99805258033106,0.389483933787731,0,0.175267770204479,0.467380720545278,1.77215189873418,0.340798442064265,0.0486854917234664,0.0584225900681597,0.0389483933787731,0.0194741966893866,0,1.37293086660175,0.00973709834469328,0.262901655306719,0,0.00973709834469328,0,0.00973709834469328,0.486854917234664,2.49269717624148,0.00973709834469328,0.272638753651412,0.0292112950340798,0.0778967867575463,0,0.107108081791626,0.0292112950340798,8.36416747809153,10.8276533592989,0,0.0292112950340798,0.068159688412853,1.03213242453749,0.428432327166504,0.00973709834469328,0,0,2.68743914313535,4.80038948393379,2.57059396299903,0.107108081791626,0,3.40798442064265,0,0.185004868549172,0.0973709834469328,0.00973709834469328,1.11976630963973,0,0.0389483933787731,1.99610516066212,0.00973709834469328,0,0,0.00973709834469328,0.0486854917234664,0.0194741966893866,0.292112950340798,0.107108081791626,0.0194741966893866,0.107108081791626
"Portuguese White",86.9309749784297,15.3448275862069,1159,0.022878059940517,0.251658659345687,0,0,5.03317318691375,0.0915122397620682,0.022878059940517,2.26492793411119,0,0.0457561198810341,0.137268359643102,0,0,0,0,5.99405170441547,0.137268359643102,0,0,0.0915122397620682,0.022878059940517,0,0,0,0.022878059940517,0,0,0,0,0.526195378631892,10.6840539922215,0.137268359643102,0.022878059940517,0.022878059940517,0.0915122397620682,2.0132692747655,0.183024479524136,0.320292839167239,1.69297643559826,0.0686341798215511,0.686341798215511,0.0915122397620682,0.160146419583619,0.297414779226722,0,0.160146419583619,0,0,0.732097918096545,0.0457561198810341,0,0.800732097918097,7.22946694120339,0.0686341798215511,6.10844200411805,0.983756577442233,0.434683138869824,0.709219858156028,0,0.0686341798215511,0.160146419583619,0.38892701898879,0.0686341798215511,0.732097918096545,0.114390299702585,0,0,0,6.08556394417753,2.42507435369481,0.022878059940517,0.022878059940517,0.114390299702585,0.022878059940517,0,2.79112331274308,0,0,0,0.0457561198810341,0.0457561198810341,0,0.366048959048273,0.960878517501716,0.022878059940517,0,0,0.022878059940517,0,1.99039121482498,0,6.33722260352322,9.97483413406543,0,0,0.022878059940517,2.19629375428964,0.022878059940517,0.0915122397620682,0,0,3.27156257149394,4.87302676733013,0,0.0915122397620682,0,2.79112331274308,0,0,0.160146419583619,0,0.938000457561199,0.183024479524136,3.01990391214825,0.022878059940517,0.0457561198810341,0,0,0,0,0,0.777854037977579,0.274536719286205,0,0.022878059940517
"Rhone-style Red",89.1536369816451,34.9252669039146,1471,0.0141123341800734,0.0987863392605137,0.592718035563082,0.0282246683601468,0.0846740050804403,0.649167372283376,0.112898673440587,1.0584250635055,0.112898673440587,1.65114309906859,0.0846740050804403,2.48377081569292,0.0423370025402202,1.43945808636749,1.21366073948631,1.538244425628,0.169348010160881,0.564493367202935,0.649167372283376,0.197572678521027,0.0141123341800734,6.50578605701383,2.51199548405306,0.112898673440587,1.00197572678521,1.07253739768558,1.03020039514536,1.0584250635055,0.83262771662433,1.01608806096528,0.719729043183743,0.83262771662433,2.94947784363534,0.536268698842789,0.197572678521027,0.564493367202935,0.493931696302568,0.169348010160881,1.55235675980807,0.95963872424499,0.649167372283376,0.141123341800734,0.747953711543889,0.12701100762066,0.691504374823596,0.211685012701101,0.239909681061248,0.268134349421394,0.508044030482642,0.592718035563082,0.254022015241321,0.211685012701101,1.46768275472763,0.0564493367202935,0.987863392605137,1.55235675980807,0.0987863392605137,0.225797346881174,0.155235675980807,0.931414055884843,1.34067174710697,0.183460344340954,0.366920688681908,1.01608806096528,0.268134349421394,0.649167372283376,1.83460344340954,1.76404177250917,1.15721140276602,0.395145357042055,0.12701100762066,0.931414055884843,1.15721140276602,0.0846740050804403,0.254022015241321,0.381033022861981,0.0423370025402202,0.282246683601468,1.01608806096528,0.254022015241321,0,0.747953711543889,3.17527519051651,3.54219587919842,0.536268698842789,0.169348010160881,0.155235675980807,2.5966694891335,0.0846740050804403,0.0705616709003669,0.155235675980807,2.49788314987299,2.83657917019475,0.691504374823596,0.0846740050804403,0.550381033022862,0.12701100762066,0.437482359582275,0,1.28422241038668,0.423370025402202,0.592718035563082,2.22974880045159,0.691504374823596,0.0987863392605137,0.155235675980807,3.25994919559695,0.197572678521027,0.677392040643522,0.211685012701101,1.2701100762066,1.69348010160881,0,0.211685012701101,1.41123341800734,0.903189387524697,0.183460344340954,0.254022015241321,0.945526390064917,0.592718035563082,0.0705616709003669,1.67936776742873,0.465707027942422,0.649167372283376,0.846740050804403
"Rhone-style White",88.4729411764706,32.4521531100478,425,0.0950570342205323,2.85171102661597,1.14068441064639,0,6.65399239543726,0.0950570342205323,0.285171102661597,1.61596958174905,0,0.0950570342205323,0.570342205323194,0,0,0,0,1.23574144486692,0.190114068441065,0,0.0950570342205323,0.665399239543726,0,0.0950570342205323,0.190114068441065,0,0.570342205323194,0.0950570342205323,0,0.190114068441065,0,1.04562737642586,4.94296577946768,0,0,0.285171102661597,1.23574144486692,1.04562737642586,0.475285171102662,0.570342205323194,2.18631178707224,0.0950570342205323,1.04562737642586,0,0.760456273764259,0.380228136882129,0,0.760456273764259,0.0950570342205323,0.760456273764259,2.18631178707224,1.80608365019011,0,0.0950570342205323,5.13307984790875,0,1.99619771863118,2.9467680608365,0,0.380228136882129,0.0950570342205323,0.570342205323194,0.380228136882129,0.0950570342205323,0.760456273764259,0.285171102661597,0.475285171102662,0,0,0.0950570342205323,4.46768060836502,0.475285171102662,0.190114068441065,1.61596958174905,2.56653992395437,0.285171102661597,0.190114068441065,0.475285171102662,0.0950570342205323,0.285171102661597,0.0950570342205323,0.570342205323194,0.190114068441065,0,0.855513307984791,0.285171102661597,0.285171102661597,0.190114068441065,0,0,0,2.85171102661597,0,4.56273764258555,6.08365019011407,0.950570342205323,0,0.0950570342205323,0.570342205323194,0.190114068441065,0.285171102661597,0.380228136882129,0.285171102661597,0.475285171102662,2.66159695817491,0.665399239543726,0,0.475285171102662,2.85171102661597,0.760456273764259,0,0.950570342205323,0.190114068441065,2.9467680608365,1.42585551330798,0.285171102661597,0.285171102661597,1.14068441064639,0.380228136882129,0.475285171102662,0.0950570342205323,0.285171102661597,0,3.70722433460076,0.570342205323194,0,0.285171102661597
"Riesling",89.4444016929588,31.9632530120482,5198,0.513319284595018,0.16750418760469,0.0378235262333171,0.33500837520938,6.87307505268277,0.33500837520938,0.383638623223645,2.20457124331334,0.00540336089047387,0.16750418760469,0.524126006375966,0,0,0,0,2.42610903982277,0.210731074728481,0,0.0108067217809477,0.226941157399903,0.129680661371373,0.416058788566488,0.0108067217809477,0,0.140487383152321,0.0756470524666343,0,0,0,1.0968822607662,3.3500837520938,0.135084022261847,0.205327713838007,0.372831901442697,2.13432755173718,1.21035283946615,0.448478953909332,0.232344518290377,9.21273031825796,1.24277300480899,0.713243637542551,0.140487383152321,1.3238234181661,0.194520992057059,0,0.313394931647485,0.118873939590425,0.0810504133571081,2.03166369481818,0.967201599394824,0.0270168044523694,0.778083968228238,6.07337764089264,0.243151240071324,1.18873939590425,0.459285675690279,0.307991570757011,0.0702436915761604,0.00540336089047387,0.729453720213973,0.659210028637813,0.0378235262333171,0.291781488085589,2.97184848976063,0.297184848976063,0.210731074728481,0,0.0324201653428432,2.19916788242287,0.826714216242503,0.815907494461555,0.756470524666342,0.513319284595018,0.216134435618955,0.0216134435618955,3.91203328470309,0.610579780623548,0.151294104933269,0,0.199924352947533,0.0918571351380559,0.0216134435618955,0.194520992057059,0.626789863294969,0.270168044523694,0.118873939590425,0.0594369697952126,0.0486302480142649,0.0810504133571081,2.31804182201329,0,2.47473928783703,5.68973901766899,0.0486302480142649,0.043226887123791,0.162100826714216,0.648403306856865,0.118873939590425,0.16750418760469,1.91819311611823,0.108067217809477,0.345815096990328,1.15631923056141,0.151294104933269,0.0162100826714216,0.275571405414168,2.18836116064192,0.464689036580753,0.0378235262333171,0.670016750418761,0.140487383152321,4.93867185389312,3.78235262333171,0.621386502404496,0,2.59901658831793,0.135084022261847,0.745663802885395,0.0702436915761604,0.00540336089047387,0,0.33500837520938,0.642999945966391,0.0594369697952126,0.0810504133571081
"Rose",86.8462401795735,18.5064377682403,3564,0.107888557466523,0.222123500666371,0.0444247001332741,0.0951957859998731,0.894840388398807,0.107888557466523,0.0698102430665736,1.62467474773117,0.00634638573332487,1.85314463413086,0.634638573332487,0.0634638573332487,0.00634638573332487,0.0761566287998985,0.00634638573332487,3.750713968395,0.393475915466142,0.0444247001332741,0.0126927714666497,0.177698800533096,0.0253855429332995,3.25569588119566,0.279240972266294,0,0.120581328933173,0.0888494002665482,0.050771085866599,0.0126927714666497,0.0825030145332233,0.418861458399441,6.21945801865837,1.0979247318652,0.412515072666117,0.361743986799518,0.818683759598908,1.18042774639843,0.203084343466396,0.215777114933046,3.84590975439487,0.209430729199721,0.793298216665609,0.139620486133147,0.355397601066193,0.133274100399822,0,0.0825030145332233,0.0380783143999492,0.114234943199848,0.475978929999365,0.165006029066447,0.0634638573332487,0.399822301199467,4.8232531573269,0.190391571999746,4.46150917052738,1.00272894586533,0.26020181506632,0.520403630132639,0.0380783143999492,0.380783143999492,0.304626515199594,0.145966871866472,0.101542171733198,0.698102430665736,0.120581328933173,0.050771085866599,0.0444247001332741,0.0825030145332233,5.34365678745954,1.99276512026401,0.120581328933173,0.145966871866472,0.621945801865837,0.0380783143999492,0.050771085866599,1.04080726026528,0,0.0951957859998731,0.0126927714666497,0.0634638573332487,0.120581328933173,0.0190391571999746,1.18042774639843,0.939265088532081,0.0634638573332487,0.00634638573332487,0,3.09703623786254,0.0126927714666497,2.21488862093038,0.158659643333122,2.53220790759662,4.91210255759345,0.00634638573332487,0.114234943199848,8.58665989718855,1.00272894586533,0.0698102430665736,0.158659643333122,0.317319286666244,0.050771085866599,1.12965666053183,3.33185250999556,0.190391571999746,0.0253855429332995,0.361743986799518,2.3227771783969,0.0698102430665736,4.69632544266041,0.425207844132766,0.0761566287998985,1.62467474773117,0.304626515199594,1.40889763279812,0.393475915466142,1.0979247318652,0.114234943199848,0.209430729199721,0.0888494002665482,0.0317319286666244,0.0317319286666244,0.96465063146538,0.336358443866218,0.0253855429332995,0.571174715999238
"Sangiovese",88.5507942371629,45.2793437105595,2707,0.0336851560745565,0.415450258252863,1.54390298675051,0.0505277341118347,0.0785986975072984,0.22456770716371,0.342465753424658,0.544576689871996,0.757916011677521,4.74399281383337,0.353694138782843,1.12283853581855,0.0112283853581855,0.34807994610375,0.0392993487536492,2.18392095216708,0.0842128901863912,0.202110936447339,0.22456770716371,0.0842128901863912,0.134740624298226,10.4536267684707,0.988097911520323,0.0729845048282057,1.10599595778127,1.95935324500337,0.106669660902762,1.51583202335504,0.376150909499214,0.185268358410061,0.34807994610375,0.22456770716371,1.8582977767797,0.202110936447339,0.426678643611049,0.533348304513811,0.263867055917359,0.0561419267909275,0.785986975072985,0.819672131147541,0.555805075230182,0.34807994610375,0.701774084886593,0.0729845048282057,1.9312822816079,0.392993487536492,0.067370312149113,0.0168425780372782,0.202110936447339,0.336851560745565,1.13968111385583,0.359308331461936,1.64495845497417,0.106669660902762,0.112283853581855,0.892656635975747,0.044913541432742,0.174039973051875,0.331237368066472,2.44217381540534,0.44913541432742,0.0954412755445767,0.0280709633954637,1.89759712553335,0.331237368066472,0.218953514484617,3.22816079047833,2.67235571524815,0.948798562766674,0.297552211991916,0.0505277341118347,0.112283853581855,0.16281158769369,0.0336851560745565,1.06108241634853,0.308780597350101,0.022456770716371,0.881428250617561,0.892656635975747,0.022456770716371,0.022456770716371,0.0617561194700202,2.27936222771166,2.98675050527734,0.174039973051875,1.01055468223669,0.22456770716371,2.4758589714799,0.398607680215585,0.0617561194700202,0.0168425780372782,0.718616662923871,3.66045362676847,0.583876038625646,0.482820570401976,0.668088928812037,0.0954412755445767,0.241410285200988,0.0617561194700202,0.903885021333932,0.112283853581855,1.0049404895576,0.898270828654839,0.303166404671008,0.101055468223669,0.707388277565686,4.32292836290141,0.656860543453851,0.679317314170222,0.325623175387379,0.482820570401976,1.08915337974399,0.0336851560745565,0.112283853581855,0.460363799685605,0.814057938468448,0.0505277341118347,0.129126431619133,0.275095441275545,2.59937121041994,0.106669660902762,2.07163709858522,0.73545924096115,1.24635077475859,2.15584998877161
"Sangiovese Grosso",90.5299600532623,65.634974533107,751,0,1.01860053144376,0.0664304694419841,0,0.155004428697963,0.0221434898139947,0.110717449069973,0.819309123117803,0,3.91939769707706,0.398582816651904,2.81222320637732,0,0.531443755535872,0,5.97874224977857,0.0442869796279894,1.74933569530558,0.730735163861825,0,0.0885739592559787,8.52524357838795,1.86005314437555,0.354295837023915,0.752878653675819,0.531443755535872,0,0.310008857395926,3.25509300265722,0.155004428697963,1.30646589902569,0.509300265721878,4.71656333038087,0.420726306465899,0.819309123117803,0.0885739592559787,0.243578387953942,0,0.265721877767936,0.287865367581931,0.442869796279894,0.0664304694419841,1.6607617360496,0.465013286093888,0.797165633303809,1.01860053144376,0,0,0.243578387953942,0.177147918511957,1.50575730735164,0.0442869796279894,2.30292294065545,0.0442869796279894,0.0221434898139947,0.0221434898139947,0,0.0221434898139947,0.465013286093888,0.265721877767936,0.155004428697963,0.354295837023915,0.0221434898139947,0.0885739592559787,0.0885739592559787,0.177147918511957,4.49512843224092,1.28432240921169,0.310008857395926,0.553587245349867,0.132860938883968,0.199291408325952,0.132860938883968,0.0664304694419841,0.287865367581931,0.996457041629761,0,0.221434898139947,0.0885739592559787,0,0,0.0221434898139947,0.841452612931798,0.863596102745793,1.10717449069973,1.43932683790965,0.0221434898139947,0.974313551815766,0.0221434898139947,0.132860938883968,0,1.92648361381754,2.72364924712135,0.199291408325952,0,0.575730735163862,0.0664304694419841,0.0442869796279894,0,1.21789193976971,0.819309123117803,1.81576616474756,2.14791851195748,0.354295837023915,0.620017714791851,0.465013286093888,8.10451727192205,0.221434898139947,0.33215234720992,0.398582816651904,0.398582816651904,1.57218777679362,0,0.155004428697963,0.310008857395926,0.110717449069973,0.0221434898139947,0,0,4.03011514614703,0,1.55004428697963,0.33215234720992,0.0221434898139947,1.97077059344553
"Sauvignon Blanc",87.4296355949265,20.2285176667364,4967,0.281491907107671,0.288529204785362,0.0985221674876847,0.168895144264602,5.46094299788881,0.197044334975369,0.140745953553835,2.06896551724138,0,0.0703729767769177,0.851513019000704,0,0.0140745953553835,0,0,2.88529204785362,0.23926812104152,0.00703729767769177,0.0281491907107671,0.520760028149191,0.281491907107671,0.0351864883884588,0.00703729767769177,0,0.0844475721323012,0.00703729767769177,0,0.0211118930330753,0,1.23856439127375,7.92399718508093,0.23926812104152,0.0703729767769177,0.154820548909219,0.450387051372273,0.950035186488388,0.464461646727657,0.288529204785362,3.55383532723434,0.302603800140746,1.30893736805067,0.281491907107671,0.781140042223786,0.372976776917664,0,0.281491907107671,0.133708655876144,0.175932441942294,0.95707248416608,0.415200562983814,0,0.302603800140746,6.04503870513723,0.211118930330753,3.42716396903589,0.809289232934553,0.225193525686137,0.450387051372273,0.0492610837438424,1.40745953553835,1.31597466572836,0.197044334975369,0.190007037297678,1.4567206192822,0.380014074595355,0.591133004926108,0,0.0351864883884588,3.73680506685433,1.8789584799437,0.0492610837438424,0.372976776917664,1.09078114004222,0.140745953553835,0.0211118930330753,2.09007741027445,0.288529204785362,0.211118930330753,0,0.168895144264602,0.218156228008445,0.0422237860661506,2.27304714989444,0.513722730471499,0.11963406052076,0.112596762843068,0,0,0.0774102744546094,2.70232230823364,0,3.30752990851513,6.18578465869106,0.0844475721323012,0.091484869809993,0.0492610837438424,1.12596762843068,0.0422237860661506,0.450387051372273,0.872624912033779,0.0281491907107671,0.928923293455313,2.4771287825475,0.548909218859958,0.190007037297678,0.626319493314567,1.30190007037298,0.394088669950739,0.0211118930330753,0.830401125967628,0.0492610837438424,2.53342716396904,1.23152709359606,2.34342012667136,0.00703729767769177,2.40675580577058,0.232230823363828,0.0633356790992259,0.23926812104152,0.0774102744546094,0.562983814215341,2.44194229415904,0.781140042223786,0,0.168895144264602
"Sparkling Blend",88.0450534138411,29.6112481499753,2153,0.104022191400832,1.36384650947758,0.0346740638002774,0.485436893203884,11.3384188626907,0.115580212667591,0.115580212667591,1.08645399907536,0.0115580212667591,0.959315765141008,1.20203421174295,0,0.0346740638002774,0.0346740638002774,0,2.4040684234859,0.196486361534905,0.0577901063337957,0.0115580212667591,0.12713823393435,0.0577901063337957,1.47942672214517,0.150254276467869,0,0.26583448913546,0.12713823393435,0,0,0.0231160425335183,1.05177993527508,4.48451225150254,0.300508552935737,0.208044382801664,0.196486361534905,0.843735552473417,1.29449838187702,0.450762829403606,0.150254276467869,6.3915857605178,0.462320850670365,1.00554785020804,0.288950531668978,2.10355987055016,0.104022191400832,0,0.115580212667591,0.208044382801664,0.13869625520111,0.993989828941285,0.705039297272307,0.0577901063337957,0.520110957004161,6.09107720758206,0.312066574202497,1.29449838187702,0.496994914470643,0.300508552935737,0.312066574202497,0.0115580212667591,0.485436893203884,0.508552935737402,0.115580212667591,0.104022191400832,0.647249190938511,0.358298659269533,0.0346740638002774,0.0115580212667591,0.0346740638002774,3.09754969949145,2.11511789181692,0.0693481276005548,0.173370319001387,0.40453074433657,0.543226999537679,0,0.820619509939898,0.0462320850670365,0.0577901063337957,0,0.242718446601942,0.577901063337957,0,0.624133148404993,0.716597318539066,0.0577901063337957,0.12713823393435,0.0115580212667591,1.79149329634767,0.785945446139621,1.583448913546,0.184928340268146,2.69301895515488,3.2246879334258,0.312066574202497,0.104022191400832,2.0920018492834,0.843735552473417,0.104022191400832,0.473878871937124,0.520110957004161,0.104022191400832,1.3869625520111,2.4040684234859,0.693481276005548,0.39297272306981,0.358298659269533,1.41007859454461,0.219602404068423,2.33472029588534,0.901525658807212,0.0462320850670365,3.24780397595932,0.739713361072584,0.681923254738789,0.0231160425335183,1.45631067961165,0.208044382801664,0.0346740638002774,0.0693481276005548,0,0.0693481276005548,2.70457697642164,0.705039297272307,0,0.427646786870088
"Syrah",89.2482924869425,39.5405460472698,4978,0.129073894804776,0.0282349144885447,0.492094223943208,0.0201677960632462,0.0242013552758954,0.342852533075186,0.100838980316231,1.00838980316231,0.100838980316231,2.32736366569861,0.237979993546305,4.5296869958051,0.0605033881897386,1.76266537592772,0.95595353339787,1.01645692158761,0.193610842207164,0.915617941271378,0.834946757018393,0.129073894804776,0.0322684737011939,4.15053242981607,2.58551145530816,0.145208131655373,0.435624394966118,0.500161342368506,0.544530493707648,1.65375927718619,0.85108099386899,1.19796708615682,0.540496934494998,0.976121329461117,3.27928363988383,0.697805743788319,0.133107454017425,0.649403033236528,0.471926427879961,0.125040335592126,1.87157147466925,1.0406582768635,0.451758631816715,0.0403355921264924,0.713939980638916,0.10890609874153,0.826879638593095,0.169409486931268,0.16134236850597,0.181510164569216,0.484027105517909,0.697805743788319,0.193610842207164,0.0726040658276863,1.0890609874153,0.10890609874153,0.935785737334624,1.48838334946757,0.125040335592126,0.415456598902872,0.112939657954179,1.24233623749597,1.20200064536947,0.229912875121007,0.250080671184253,0.778476928041304,0.467892868667312,0.221845756695708,1.28267182962246,1.68199419167473,1.11729590190384,0.306550500161342,0.177476605356567,0.697805743788319,0.592933204259439,0.10487253952888,0.173443046143917,0.5324298160697,0.0484027105517909,0.669570829299774,0.976121329461117,0.169409486931268,0.0121006776379477,1.21410132300742,5.09841884478864,2.91222975153275,0.496127783155857,0.254114230396902,0.141174572442723,1.68602775088738,0.133107454017425,0.10487253952888,0.0887383026782833,2.79122297515328,2.69038399483704,1.00435624394966,0.221845756695708,0.197644401419813,0.0564698289770894,0.274282026460148,0.10890609874153,1.8675379154566,1.07696030977735,0.95998709261052,2.10955146821555,0.443691513391417,0.0605033881897386,0.250080671184253,3.04937076476283,0.121006776379477,0.306550500161342,0.298483381736044,0.875282349144885,1.78686673120361,0.0242013552758954,0.302516940948693,1.62552436269764,1.37947725072604,0.153275250080671,0.338818973862536,0.358986769925782,0.907550822846079,0.16134236850597,2.27896095514682,0.250080671184253,0.536463375282349,0.596966763472088
"Tempranillo",87.514364640884,31.1509223029625,1810,0.147217587594465,0.00981450583963098,0.127588575915203,0.019629011679262,0.0588870350377858,0.0883305525566788,0.0294435175188929,0.814603984689371,0.0883305525566788,8.84286976150751,0.451467268623025,3.76877024241829,0.0294435175188929,0.647757385415644,0.363136716066346,0.539797821179704,0.0981450583963097,1.29551477083129,0.245362645990774,0.117774070075572,0.186475610952989,4.90725291981549,2.31622337815291,0.107959564235941,0.255177151830405,0.412209245264501,0.451467268623025,1.21699872411424,0.824418490529002,0.392580233585239,0.883305525566788,0.726273432132692,2.49288448326627,0.677200902934537,0.0785160467170478,0.20610462263225,0.412209245264501,0.0883305525566788,2.17882029639808,2.87565021101188,0.461281774462656,0.0981450583963097,0.451467268623025,0.0687015408774168,0.196290116792619,0.225733634311512,0.019629011679262,0.0588870350377858,0.40239473942487,0.0490725291981549,0.107959564235941,0.0490725291981549,2.56158602414368,0.147217587594465,2.31622337815291,0.353322210226715,0.00981450583963098,0.20610462263225,0.0883305525566788,0.863676513887526,0.80478947884974,0.235548140151143,0.0883305525566788,1.24644224163313,0.264991657670036,0.196290116792619,1.6782804985769,1.13848267739719,1.41328884090686,0.598684856217489,0.019629011679262,0.392580233585239,0.441652762783394,0.137403081754834,0.0294435175188929,0.117774070075572,0.0490725291981549,0.40239473942487,0.834232996368633,0.0687015408774168,0.0883305525566788,0.264991657670036,0.814603984689371,7.79271763666699,0.157032093434096,0.0981450583963097,1.21699872411424,3.01305329276671,0.0588870350377858,0.0392580233585239,0.0981450583963097,0.824418490529002,2.65973108253999,1.75679654529394,0.117774070075572,0.157032093434096,0.00981450583963098,0.343507704387084,0.294435175188929,1.05015212484051,0.0687015408774168,0.844047502208264,0.785160467170478,1.15811168907645,0.019629011679262,0.20610462263225,3.62155265482383,0.186475610952989,0.480910786141918,0.343507704387084,0.0785160467170478,1.30532927667092,0.00981450583963098,0.363136716066346,2.94435175188929,0.824418490529002,0.255177151830405,0.196290116792619,0.0294435175188929,2.05123172048287,0.90293453724605,3.33693198547453,0.107959564235941,0.245362645990774,0.412209245264501
"Tempranillo Blend",88.2551020408163,35.8953687821612,588,0.107469102632993,0.0268672756582483,0.0537345513164965,0,0.107469102632993,0.107469102632993,0,0.832885545405696,0.268672756582483,8.73186458893068,0.483610961848469,3.33154218162278,0,0.295540032240731,0.322407307898979,0.61794734013971,0.0806018269747448,1.53143471252015,0.214938205265986,0.0268672756582483,0.376141859215476,4.00322407307899,2.36432025792585,0.0806018269747448,0.322407307898979,0.188070929607738,0.564212788823213,0.832885545405696,0.483610961848469,0.564212788823213,0.806018269747448,0.779150994089199,1.18216012896292,0.779150994089199,0.0268672756582483,0.107469102632993,0.241805480924234,0.134336378291241,2.3374529822676,4.05695862439549,0.268672756582483,0.134336378291241,0.537345513164965,0.0537345513164965,0.16120365394949,0.268672756582483,0.0806018269747448,0.0268672756582483,0.45674368619022,0.0268672756582483,0.0537345513164965,0.0537345513164965,1.88070929607738,0.16120365394949,2.68672756582483,0.188070929607738,0,0.0268672756582483,0.0268672756582483,0.725416442772703,1.26276195593767,0.483610961848469,0.0806018269747448,1.10155830198818,0.403009134873724,0.16120365394949,1.98817839871037,0.832885545405696,1.18216012896292,0.859752821063944,0,0.376141859215476,0.16120365394949,0.16120365394949,0,0.16120365394949,0.0268672756582483,0.510478237506717,0.806018269747448,0.0537345513164965,0.107469102632993,0.268672756582483,0.967221923696937,8.75873186458893,0.0537345513164965,0,1.63890381515314,2.98226759806556,0,0,0.0268672756582483,0.591080064481462,3.25094035464804,1.6120365394949,0.0806018269747448,0.0806018269747448,0,0.134336378291241,0.429876410531972,1.63890381515314,0.0537345513164965,0.806018269747448,0.806018269747448,1.28962923159592,0,0.268672756582483,3.62708221386351,0.0268672756582483,0.510478237506717,0.241805480924234,0.0268672756582483,0.940354648038689,0,0.349274583557227,2.79419666845782,0.591080064481462,0.107469102632993,0.349274583557227,0.0537345513164965,2.57925846319183,1.90757657173563,3.62708221386351,0.0806018269747448,0.134336378291241,0.403009134873724
"Viognier",87.7710843373494,26.0893401015228,996,0.524109014675052,0.978336827393431,0.0698812019566737,0.209643605870021,5.0314465408805,0.10482180293501,0.139762403913347,2.34102026554857,0,0.0349406009783368,0.978336827393431,0,0,0,0,1.78197064989518,0.6638714185884,0,0.0698812019566737,0.174703004891684,0.139762403913347,0.10482180293501,0.10482180293501,0,0.384346610761705,0.279524807826695,0.0698812019566737,0.0349406009783368,0,0.838574423480084,3.94828791055206,0.0698812019566737,0.174703004891684,0.349406009783368,1.0482180293501,1.25786163522013,0.489168413696716,0.419287211740042,3.42417889587701,0.10482180293501,0.733752620545073,0.244584206848358,0.908455625436758,0.139762403913347,0,1.95667365478686,0.349406009783368,0.314465408805031,2.90006988120196,2.34102026554857,0,0.174703004891684,3.87840670859539,0.10482180293501,2.23619846261356,1.67714884696017,0.139762403913347,0.943396226415094,0.0349406009783368,0.489168413696716,0.628930817610063,0.139762403913347,0.628930817610063,1.3277428371768,0.419287211740042,0.10482180293501,0,0,4.47239692522711,1.18798043326345,0.279524807826695,1.25786163522013,1.92173305380853,0.174703004891684,0.0349406009783368,1.01327742837177,0.244584206848358,0.279524807826695,0,0.174703004891684,0.314465408805031,0,0.943396226415094,0.10482180293501,0.279524807826695,0.0698812019566737,0.0698812019566737,0.0698812019566737,0.0349406009783368,1.18798043326345,0.0349406009783368,5.13626834381551,6.3591893780573,0.174703004891684,0.0698812019566737,0.174703004891684,0.349406009783368,0,0.10482180293501,0.559049615653389,0.10482180293501,1.01327742837177,2.23619846261356,0.419287211740042,0.0349406009783368,0.349406009783368,3.0398322851153,0.314465408805031,0.0349406009783368,0.873515024458421,0.10482180293501,4.05310971348707,1.3277428371768,0.76869322152341,0.10482180293501,1.50244584206848,0.314465408805031,0.6638714185884,0.0698812019566737,0.0349406009783368,0,4.99650593990217,1.18798043326345,0,0.209643605870021
"Zinfandel",87.8286661753869,29.4922451994092,2714,0.138015641772734,0.038337678270204,0.881766600214691,0.207023462659101,0.0230026069621224,0.184020855696979,0.122680570464653,1.25747584726269,0.0153350713080816,2.6683024076062,0.199355927005061,5.10657874559117,0.0153350713080816,0.935439349792976,0.590400245361141,0.996779635025303,0.19168839135102,0.322036497469713,0.68241067320963,0.0996779635025303,0.138015641772734,4.34749271584113,2.98267136942187,0.0920104278484895,1.61018248734857,0.697745744517712,0.705413280171753,0.490722281858611,1.43382916730563,1.05811992025763,0.237693605275265,1.19613556203036,1.84787609262383,0.552062567090937,0.0460052139242447,1.02744977764147,0.375709247047999,0.115013034810612,4.01012114706333,0.67474313755559,0.690078208863671,0.0996779635025303,0.621070387977304,0.122680570464653,0.184020855696979,0.48305474620457,0.0920104278484895,0.184020855696979,0.199355927005061,0.0766753565404079,0.260696212237387,0.0306701426161632,0.720748351479834,0.0536727495782855,0.314368961815672,2.16991259009354,0.168685784388897,0.306701426161632,0.253028676583346,0.513724888820733,0.368041711393958,0.283698819199509,0.107345499156571,1.44149670295967,0.567397638399019,0.0996779635025303,1.44916423861371,1.35715381076522,0.87409906456065,0.360374175739917,0.199355927005061,0.421714460972244,0.437049532280325,0.214690998313142,0.0843428921944487,0.0996779635025303,0.0306701426161632,0.368041711393958,0.851096457598528,0.176353320042938,0.0306701426161632,0.199355927005061,4.27848489495476,1.73286305781322,0.168685784388897,0.161018248734857,0.644072994939426,2.53028676583346,0.145683177426775,0.107345499156571,0.0460052139242447,3.51173132955068,4.53151357153811,0.276031283545468,0.820426314982365,0.161018248734857,0.0920104278484895,0.797423708020242,0.038337678270204,0.87409906456065,0.184020855696979,1.47216684557583,3.61907682870725,0.214690998313142,0.0920104278484895,0.161018248734857,2.85999079895722,0.161018248734857,0.97377702806318,0.368041711393958,0.29136635485355,3.89510811225272,0.0843428921944487,0.138015641772734,1.93221898481828,0.5827327097071,0.329704033123754,0.222358533967183,0.214690998313142,1.24214077595461,0.0920104278484895,1.51050452384604,0.184020855696979,0.0920104278484895,2.28492562490416
